outer_seed,outer_fold,rmse,best_alpha,best_epsilon
0,1,0.20196508128000157,300.0,2.0
0,2,0.10151369904759619,300.0,3.0
0,3,0.1783883153970612,300.0,2.0
0,4,0.10796172146846336,300.0,2.0
0,5,0.1063075254401421,300.0,3.0
4,1,0.10557807985977888,300.0,3.0
4,2,0.11797247610884089,300.0,3.0
4,3,0.2284315532735365,300.0,3.0
4,4,0.11107514013161839,300.0,3.0
4,5,0.10211376441816364,300.0,2.0
42,1,0.1296089452786952,300.0,3.0
42,2,0.11284071445437463,300.0,3.0
42,3,0.22299297978367244,300.0,3.0
42,4,0.1181417645786127,300.0,3.0
42,5,0.10449694287929559,300.0,2.0
